set,num_images,rms_px,mean_reprojection_error_px,fx,fy,cx,cy,k1,k2,p1,p2,k3,images,per_view_errors_px,pattern_variant
set_a_frontal,3,93.104073,9.113551,4770.569521,4678.418753,1835.758259,1198.087647,0.14526760,-3.22266727,-0.01781088,0.00728986,8.81767486,calibration_checkerboard_04.jpg;calibration_checkerboard_09.jpg;calibration_checkerboard_16.jpg,24.208857;1.404177;1.727620,1-0-1
set_b_oblique,4,244.241436,35.453157,36023.872874,6216.444817,2447.578996,2066.907086,49.89769217,-1830.88899388,0.33116789,0.78835963,20824.77404445,calibration_checkerboard_02.jpg;calibration_checkerboard_07.jpg;calibration_checkerboard_11.jpg;calibration_checkerboard_13.jpg,40.870034;18.841369;44.753162;37.348063,1-0-1-1
set_c_mixed,3,260.781788,39.163413,8059.869523,1378.695203,382.235467,2801.489115,-2.06393874,1.37748898,-0.40577951,-0.01643851,-0.35610091,calibration_checkerboard_13.jpg;calibration_checkerboard_14.jpg;calibration_checkerboard_15.jpg,34.579150;40.039810;42.871278,0-3-0
